2000;2000;2609465.4,1232939.9,2609673.1,1233147.7;wms_request.py -count 1000 -region 2590000 1210000 2650000 1270000 -minsize 2000 2000 -maxsize 2000 2000 -minres 0.01 -maxres 50
2000;2000;2607182.9,1246444.5,2607215.5,1246477.1
2000;2000;2620263.7,1237261.2,2620405.2,1237402.8
2000;2000;2626500.6,1237015,2626590.7,1237105.1
2000;2000;2628909.8,1236906.2,2629173.1,1237169.5
2000;2000;2607664.6,1250819.3,2607979.7,1251134.4
2000;2000;2642857.8,1250314.2,2642941.2,1250397.6
2000;2000;2624543,1241626.5,2624602.4,1241685.9
2000;2000;2634024.2,1243226.5,2634119.3,1243321.7
2000;2000;2603906,1230133.8,2603931,1230158.8
2000;2000;2598420.4,1228831.7,2598814.4,1229225.7
2000;2000;2607224.9,1224961.4,2607268.8,1225005.4
2000;2000;2602668.4,1226944.4,2603371.9,1227647.9
2000;2000;2611114.7,1228995.4,2611136.9,1229017.6
2000;2000;2636431.1,1242782.6,2636553.1,1242904.6
2000;2000;2618269.6,1246350.9,2618319.5,1246400.8
2000;2000;2609964.5,1228339.3,2609991.2,1228366.1
2000;2000;2612180.1,1248073.7,2612203.2,1248096.9
2000;2000;2618056.1,1243573.2,2618243.1,1243760.3
2000;2000;2608691.3,1244542.6,2608711.7,1244563
2000;2000;2604635.5,1226180.7,2604738.8,1226284
2000;2000;2609336.7,1232300.6,2609630.1,1232594.1
2000;2000;2607864.9,1245272.5,2607901.9,1245309.6
2000;2000;2600244.5,1230269.4,2600307.4,1230332.4
2000;2000;2610418.4,1244067.2,2611230.7,1244879.5
2000;2000;2610899.6,1243977.6,2612266.7,1245344.6
2000;2000;2616432.1,1243772,2616714.5,1244054.4
2000;2000;2612034.5,1244126.5,2612176.3,1244268.3
2000;2000;2619695.5,1242790.1,2619811.5,1242906
2000;2000;2614744.3,1252542.3,2614906.8,1252704.8
2000;2000;2600614.7,1247838.7,2600980.7,1248204.7
2000;2000;2601974.8,1234332.2,2602409.3,1234766.7
2000;2000;2626595.8,1238362.8,2627359.6,1239126.6
2000;2000;2601717.1,1247452.3,2601922.8,1247657.9
2000;2000;2604152,1227441.3,2604197.1,1227486.4
2000;2000;2627594.8,1242888.6,2627633.1,1242927
2000;2000;2614334.4,1241000.1,2614376.6,1241042.3
2000;2000;2599790.5,1220712.5,2600223.6,1221145.7
2000;2000;2596456.8,1216582.8,2596492.2,1216618.3
2000;2000;2632359.3,1242974.4,2632994,1243609.1
2000;2000;2628721.9,1235426.3,2628859.7,1235564.2
2000;2000;2612935.9,1229554.6,2613588.3,1230207
2000;2000;2597988.7,1230955.7,2598419.7,1231386.7
2000;2000;2609968.7,1246239.9,2610248.6,1246519.7
2000;2000;2619943.2,1241033.7,2620246.9,1241337.5
2000;2000;2612307.9,1247225.6,2612420,1247337.7
2000;2000;2611983.2,1250012.3,2612029.1,1250058.2
2000;2000;2605412.2,1234115.9,2605472.5,1234176.2
2000;2000;2640124.9,1254017.4,2640350.5,1254242.9
2000;2000;2595593.9,1252276.8,2595647,1252329.9
2000;2000;2603990.7,1226920.1,2604115.6,1227045
2000;2000;2601166.5,1249269.8,2601730.7,1249833.9
2000;2000;2620112.1,1243484.1,2620203.4,1243575.4
2000;2000;2641544.7,1249432.1,2641685,1249572.4
2000;2000;2619437.5,1246672.9,2619489.4,1246724.7
2000;2000;2616688.2,1253912.9,2616756.5,1253981.2
2000;2000;2612464,1248728.3,2612619.7,1248883.9
2000;2000;2600761.1,1230453.9,2600875.2,1230567.9
2000;2000;2631226.5,1245765,2631690.7,1246229.3
2000;2000;2630798.2,1241142.3,2630972.8,1241316.8
2000;2000;2633775.2,1242719,2633828.9,1242772.7
2000;2000;2611530.9,1231220.8,2611595.3,1231285.2
2000;2000;2602410.9,1219931.9,2602431.5,1219952.6
2000;2000;2603807.4,1230126.9,2603952.6,1230272.1
2000;2000;2601235.2,1247907.9,2601288.3,1247961
2000;2000;2605586,1235710.4,2605803.2,1235927.5
2000;2000;2614080.6,1245819.7,2614188,1245927.1
2000;2000;2602357.3,1220532.4,2602599.3,1220774.4
2000;2000;2610349.8,1248395.4,2610383.3,1248428.9
2000;2000;2620276,1239163.6,2620428.8,1239316.5
2000;2000;2608692.1,1235751.7,2608830.8,1235890.4
2000;2000;2615049.2,1237026,2615078.1,1237054.8
2000;2000;2599534.5,1230221.8,2599580.1,1230267.4
2000;2000;2607913.8,1225723,2608088.6,1225897.8
2000;2000;2608444.2,1251028.5,2608511.9,1251096.3
2000;2000;2636625.1,1248637.3,2636651.2,1248663.3
2000;2000;2635860.1,1243330.8,2635933.7,1243404.5
2000;2000;2612619.4,1237010.4,2612690.2,1237081.2
2000;2000;2616557.6,1254572.1,2616701.6,1254716.1
2000;2000;2617639,1245588.7,2617765,1245714.7
2000;2000;2610936.7,1223892.2,2611043.6,1223999.1
2000;2000;2618514,1244595.6,2618649,1244730.5
2000;2000;2614173.8,1229764.1,2614225.4,1229815.7
2000;2000;2599579.8,1227555.5,2599614.4,1227590
2000;2000;2641109.2,1247691.1,2641525.8,1248107.7
2000;2000;2633600.8,1245581.1,2633693.9,1245674.1
2000;2000;2633710.7,1243190.5,2633731.4,1243211.2
2000;2000;2596569.2,1226115.8,2596639.8,1226186.4
2000;2000;2617687.4,1254572.7,2617823.1,1254708.4
2000;2000;2605782.8,1222768.1,2605849,1222834.3
2000;2000;2629839.9,1237296.6,2629992.6,1237449.3
2000;2000;2615418,1224722.3,2615446.6,1224750.8
2000;2000;2633055.7,1249039,2633092.1,1249075.5
2000;2000;2616405.2,1227671.5,2616477.4,1227743.7
2000;2000;2595963.7,1216732.7,2596630.6,1217399.7
2000;2000;2599782.8,1219509.6,2599889.8,1219616.6
2000;2000;2624497.5,1242513.8,2624872,1242888.3
2000;2000;2617780.5,1258261.2,2617842.4,1258323
2000;2000;2628684.3,1235382.8,2628884.5,1235583.1
2000;2000;2619620.7,1239329.6,2619672.7,1239381.6
2000;2000;2608421.4,1223650.8,2608471.5,1223700.9
2000;2000;2633638.7,1250115.2,2633804,1250280.6
2000;2000;2620293.8,1245892.9,2620320.9,1245920
2000;2000;2593327.1,1228628.1,2593367.8,1228668.7
2000;2000;2598555.8,1252879.2,2599762.8,1254086.1
2000;2000;2612729.7,1245051.2,2613769.1,1246090.6
2000;2000;2633022.1,1244998.6,2633071.2,1245047.6
2000;2000;2599653.7,1230312.3,2600334,1230992.6
2000;2000;2610589.3,1235005.9,2610621.5,1235038.1
2000;2000;2605924.8,1221850,2606373.7,1222298.8
2000;2000;2641333.5,1245750.8,2641426.6,1245844
2000;2000;2615739.5,1253140.4,2616563.1,1253964
2000;2000;2614827.6,1225844.9,2615106.1,1226123.3
2000;2000;2599060.5,1229386.9,2599507.2,1229833.6
2000;2000;2604198.9,1228727.4,2604933.4,1229461.9
2000;2000;2607580.7,1244233.6,2607631.5,1244284.4
2000;2000;2595537.7,1226978.5,2595613.3,1227054
2000;2000;2632851.1,1247398,2632957.5,1247504.4
2000;2000;2612779.6,1237394.7,2613209.9,1237825
2000;2000;2614875.8,1237645.5,2614903.5,1237673.2
2000;2000;2611401.3,1229145.8,2611473.5,1229218.1
2000;2000;2615074.8,1238322.9,2615096.7,1238344.8
2000;2000;2608332.8,1233310.3,2608380.8,1233358.4
2000;2000;2595636.7,1230132.2,2595849.4,1230344.9
2000;2000;2611731.6,1230276.1,2611869.7,1230414.2
2000;2000;2610048.9,1247009.2,2610114,1247074.2
2000;2000;2615564.7,1237771.9,2615620.6,1237827.8
2000;2000;2628356.3,1234659.2,2628423.3,1234726.2
2000;2000;2626932.9,1238629.5,2626960.6,1238657.3
2000;2000;2615130.8,1230628.7,2615291.5,1230789.4
2000;2000;2604024,1227565.4,2604117.6,1227659.1
2000;2000;2617658.4,1244862.8,2617696.8,1244901.2
2000;2000;2596037.5,1227898.4,2596528.3,1228389.2
2000;2000;2619122.4,1240407.8,2619360.6,1240646
2000;2000;2601583.4,1222387.6,2601662.6,1222466.8
2000;2000;2611216.5,1247625.4,2611745.3,1248154.2
2000;2000;2597645.4,1252629,2597920.8,1252904.5
2000;2000;2612076.4,1240031.8,2612099.3,1240054.6
2000;2000;2606337.9,1233326.2,2606388.7,1233377
2000;2000;2618360.6,1256818.6,2618485.7,1256943.8
2000;2000;2608285.8,1236383.3,2608323.4,1236420.9
2000;2000;2616655.3,1251840.7,2616974,1252159.4
2000;2000;2609972.1,1250383,2610154.8,1250565.6
2000;2000;2622871.6,1236085.2,2622950.8,1236164.4
2000;2000;2600796.4,1249149.2,2600878.3,1249231.1
2000;2000;2602883.9,1227814.7,2603073.3,1228004.2
2000;2000;2611414.6,1252679.3,2611478.1,1252742.7
2000;2000;2605003.9,1235409.6,2605035.6,1235441.2
2000;2000;2598495.5,1254471.5,2598740.4,1254716.5
2000;2000;2611505.6,1252911.6,2612071.3,1253477.3
2000;2000;2630626.7,1246076.7,2630647.6,1246097.6
2000;2000;2618181.1,1254452.9,2618224.3,1254496.1
2000;2000;2639820.7,1251155.6,2639842.4,1251177.3
2000;2000;2604128.2,1226257,2604439.9,1226568.7
2000;2000;2609209,1234398.8,2609616.9,1234806.7
2000;2000;2602071.9,1247614.2,2602423,1247965.3
2000;2000;2626646.9,1238009.5,2626999.6,1238362.3
2000;2000;2616523.7,1252546.8,2616562,1252585.1
2000;2000;2604716.9,1232617.8,2604809.8,1232710.7
2000;2000;2627175.7,1238976.8,2627375.3,1239176.5
2000;2000;2633259.5,1247222.3,2633551.7,1247514.5
2000;2000;2617345.6,1257683.8,2617384.7,1257723
2000;2000;2609244.1,1246953.4,2609527,1247236.2
2000;2000;2618525.5,1238413.8,2618547.9,1238436.3
2000;2000;2613163.5,1230904.9,2613229.6,1230971
2000;2000;2605194.1,1260216.8,2605274.8,1260297.5
2000;2000;2616842.1,1253184.2,2616899,1253241.1
2000;2000;2605399.9,1229783.1,2605524.8,1229908
2000;2000;2612741.3,1251530.8,2613231.8,1252021.3
2000;2000;2606735.9,1229391.2,2606791.1,1229446.5
2000;2000;2623753.5,1235933.4,2623899.1,1236079
2000;2000;2612753.7,1229255.4,2612863.3,1229365
2000;2000;2626904,1239536.1,2626954.5,1239586.5
2000;2000;2605200.8,1260367.7,2605403.3,1260570.2
2000;2000;2642914.5,1250457.5,2642962.2,1250505.1
2000;2000;2605385.7,1235919.5,2605742.9,1236276.8
2000;2000;2603613,1230693.8,2603798.1,1230878.9
2000;2000;2616666.5,1254248.2,2616686.7,1254268.5
2000;2000;2626243.1,1238678.9,2626491.4,1238927.2
2000;2000;2605020.7,1257295.7,2605390.8,1257665.7
2000;2000;2598655.3,1225850.2,2598775.9,1225970.8
2000;2000;2624178.8,1237723.5,2624241.4,1237786
2000;2000;2609462.6,1231750.4,2609536.6,1231824.5
2000;2000;2629985.7,1236965.4,2630472.6,1237452.3
2000;2000;2612889.2,1224349.7,2612909.7,1224370.2
2000;2000;2639948.4,1248661.6,2639977.9,1248691.1
2000;2000;2601961.5,1249970.8,2602031.5,1250040.8
2000;2000;2610343.2,1252499.4,2610514.6,1252670.8
2000;2000;2640639.4,1244578.1,2640848,1244786.6
2000;2000;2593092.7,1229047.9,2593298.3,1229253.5
2000;2000;2605555.6,1259852.8,2605662.4,1259959.6
2000;2000;2629040.1,1245124.3,2629078.2,1245162.4
2000;2000;2639585.7,1246877.8,2639697,1246989.2
2000;2000;2613209.8,1228661.9,2613286.6,1228738.7
2000;2000;2639846.6,1245439.9,2640042.9,1245636.1
2000;2000;2623930.4,1240455.7,2624354.3,1240879.6
2000;2000;2643146.4,1246466.6,2643213.7,1246533.9
2000;2000;2620338.8,1238769.6,2620390.7,1238821.5
2000;2000;2613794.9,1254164.7,2613822.9,1254192.7
2000;2000;2625597.3,1234823.8,2626406.1,1235632.6
2000;2000;2595658.1,1217921,2595689.3,1217952.3
2000;2000;2610146.8,1226649.8,2610174.7,1226677.8
2000;2000;2610752.1,1247588.9,2611269.8,1248106.6
2000;2000;2613767.7,1243994.7,2613842.7,1244069.8
2000;2000;2608223,1230529.1,2608453.7,1230759.8
2000;2000;2599531.2,1219132.6,2599617,1219218.3
2000;2000;2618913.1,1239249.1,2619015.4,1239351.5
2000;2000;2597276.4,1225749.6,2597308,1225781.2
2000;2000;2618971.1,1245074.7,2618995.2,1245098.8
2000;2000;2618168.6,1222638.7,2618311.3,1222781.5
2000;2000;2626978.1,1241228.9,2627076.2,1241327
2000;2000;2607975.5,1246262.9,2608464.3,1246751.7
2000;2000;2615830.3,1223446,2615914.3,1223530.1
2000;2000;2609852.1,1239017.5,2610624,1239789.4
2000;2000;2619660.3,1240916.8,2619803.4,1241059.9
2000;2000;2594543.6,1227396.5,2594569.1,1227422
2000;2000;2600339.5,1226444.2,2600371.6,1226476.3
2000;2000;2634648.2,1248037.6,2634798.4,1248187.8
2000;2000;2637890.9,1243017.7,2637987.8,1243114.6
2000;2000;2613865.6,1237506,2613900.9,1237541.4
2000;2000;2615816.4,1242373.9,2616082.3,1242639.8
2000;2000;2615957.3,1256223.6,2616819.8,1257086.1
2000;2000;2631685,1239719.1,2631733.3,1239767.3
2000;2000;2607898,1232176.5,2607989.2,1232267.7
2000;2000;2618800.9,1245594.7,2619064.9,1245858.8
2000;2000;2605697.3,1236345.5,2605843,1236491.3
2000;2000;2597872.7,1218706.4,2597935.2,1218768.9
2000;2000;2615842.2,1222752.2,2616029.4,1222939.5
2000;2000;2596872.7,1225109.9,2596899.4,1225136.6
2000;2000;2600664.1,1214437.9,2601116.3,1214890.1
2000;2000;2637953.4,1244094.8,2638623.8,1244765.3
2000;2000;2612836.1,1240701.2,2612866.5,1240731.7
2000;2000;2639040.1,1250425.1,2639322.5,1250707.4
2000;2000;2631219.7,1241690.2,2631250.3,1241720.9
2000;2000;2625405.7,1242814.6,2625485.1,1242894.1
2000;2000;2625486.5,1241467.5,2625528.1,1241509.1
2000;2000;2604322.6,1259153,2604351,1259181.4
2000;2000;2597632.4,1251947.8,2597669.9,1251985.2
2000;2000;2613996.6,1258528.5,2614043,1258574.9
2000;2000;2600275.1,1259331.3,2600640,1259696.3
2000;2000;2613281.2,1229549.4,2613448.8,1229717
2000;2000;2620596.2,1240384.4,2620622.8,1240411
2000;2000;2624551.8,1239372.7,2624586.5,1239407.4
2000;2000;2634656.5,1243650.3,2634686.5,1243680.3
2000;2000;2612792.6,1240679.6,2612818.9,1240705.8
2000;2000;2603368.8,1258737.5,2603419.2,1258787.8
2000;2000;2616777.6,1253660.6,2616926.6,1253809.6
2000;2000;2621336.9,1243858,2621374.5,1243895.6
2000;2000;2612748.1,1238613.2,2612867.9,1238732.9
2000;2000;2612749.5,1240446.3,2612821.7,1240518.6
2000;2000;2641660.6,1244514.7,2641702.2,1244556.4
2000;2000;2598325.9,1229159.7,2598572.4,1229406.1
2000;2000;2641436.2,1245549.1,2641456.2,1245569.2
2000;2000;2639231.3,1251738.4,2639293.3,1251800.4
2000;2000;2620241.5,1238432.4,2620579.3,1238770.2
2000;2000;2612206.6,1226077.7,2612320.6,1226191.8
2000;2000;2631574.4,1241302.3,2631603.2,1241331.1
2000;2000;2603924.2,1229423.5,2603968.4,1229467.7
2000;2000;2614304,1246247.7,2614415.3,1246359
2000;2000;2603091.3,1221731.6,2603226.6,1221866.9
2000;2000;2617593.7,1251914,2617659.4,1251979.8
2000;2000;2600907.5,1249939.2,2600939.7,1249971.4
2000;2000;2619456.8,1257719.1,2619567.3,1257829.7
2000;2000;2617545.8,1241944.1,2617607,1242005.3
2000;2000;2601189,1228327.6,2601407.2,1228545.8
2000;2000;2613095.9,1229788.4,2613229.8,1229922.3
2000;2000;2621693.8,1237598.8,2622611.6,1238516.5
2000;2000;2604148,1221538.9,2604913.6,1222304.5
2000;2000;2607937.5,1248400.1,2608464.5,1248927
2000;2000;2606482.3,1234512.1,2606670.4,1234700.2
2000;2000;2610656.1,1231607.6,2610719.2,1231670.6
2000;2000;2606585.9,1260279,2606626.2,1260319.3
2000;2000;2627597.3,1240809,2627656.9,1240868.6
2000;2000;2615553.1,1245202.4,2615724.9,1245374.2
2000;2000;2601231.1,1258530,2601791.7,1259090.6
2000;2000;2634811.8,1249682.3,2635119.8,1249990.2
2000;2000;2639416.2,1247208.3,2639562.7,1247354.8
2000;2000;2609650.3,1236916.9,2611619.3,1238885.9
2000;2000;2626725.6,1235653.2,2626802.8,1235730.4
2000;2000;2626683.4,1238299.2,2626733.2,1238349
2000;2000;2607871.3,1236241.2,2607903.2,1236273.1
2000;2000;2625285.9,1236697.2,2625478,1236889.3
2000;2000;2621738.1,1238449.4,2621927.4,1238638.7
2000;2000;2612780.2,1225026.9,2612816.2,1225062.8
2000;2000;2611419.9,1238782.8,2611576.1,1238939
2000;2000;2619658.3,1242425.1,2619776.8,1242543.6
2000;2000;2607689.1,1247128.4,2607879.3,1247318.6
2000;2000;2615801.3,1258249.1,2616227.5,1258675.3
2000;2000;2614279.7,1259212.7,2614320.1,1259253
2000;2000;2600485,1230804.9,2600546.4,1230866.3
2000;2000;2615370.8,1240377.3,2615435.8,1240442.2
2000;2000;2596999.8,1229059.3,2597030.2,1229089.7
2000;2000;2605592.5,1259332,2605641,1259380.5
2000;2000;2622472,1238185.1,2622799.4,1238512.5
2000;2000;2611598.9,1239539.8,2612405.2,1240346.1
2000;2000;2597669,1218351.5,2597694.1,1218376.6
2000;2000;2634674.2,1248837.7,2634745.6,1248909.1
2000;2000;2640183,1246817.3,2640523.9,1247158.2
2000;2000;2612537.9,1251796.3,2612572,1251830.4
2000;2000;2607101.1,1233959.3,2607307.1,1234165.4
2000;2000;2606933.1,1245848.4,2606997.1,1245912.4
2000;2000;2628938.3,1242645.8,2630142,1243849.5
2000;2000;2616093.5,1252126.3,2616120.3,1252153.1
2000;2000;2609493.1,1230919.8,2609660,1231086.6
2000;2000;2607507.2,1237652.6,2607624.5,1237769.9
2000;2000;2621243.9,1244205.8,2621456.6,1244418.6
2000;2000;2601497.5,1229826.3,2601789,1230117.8
2000;2000;2612259.6,1250727.2,2612462.8,1250930.5
2000;2000;2606641.9,1231946.4,2606672.1,1231976.6
2000;2000;2605084.9,1237232.1,2605112,1237259.2
2000;2000;2611054.1,1238607.2,2611404.9,1238958
2000;2000;2610244.5,1247138.2,2610272.8,1247166.5
2000;2000;2639167.4,1249611.2,2639479.1,1249923
2000;2000;2606216.1,1222144.8,2606350.9,1222279.7
2000;2000;2605892.8,1248054.1,2605925.5,1248086.8
2000;2000;2606426.6,1258119.4,2606530.4,1258223.2
2000;2000;2616125.4,1245858,2616417.5,1246150.1
2000;2000;2603435.8,1231835.6,2603659,1232058.8
2000;2000;2615414.2,1240304,2615442.3,1240332.1
2000;2000;2605735.1,1258126.2,2605806.6,1258197.7
2000;2000;2641847.7,1244801.5,2642306.3,1245260.1
2000;2000;2602416.5,1229941.9,2602462.1,1229987.5
2000;2000;2604682,1221979.6,2604712.8,1222010.4
2000;2000;2609490.5,1233390.6,2609513.7,1233413.7
2000;2000;2610283.1,1253456.4,2610451.7,1253625
2000;2000;2616747.5,1243355.5,2617835.8,1244443.9
2000;2000;2600095.8,1259362,2600129,1259395.1
2000;2000;2598243.4,1253456.1,2598619.2,1253831.9
2000;2000;2639211.7,1247531.8,2639272.9,1247593
2000;2000;2615551.6,1245507.5,2615768.8,1245724.8
2000;2000;2601797.2,1234423.4,2601850.7,1234476.9
2000;2000;2617050.8,1241666,2617126,1241741.1
2000;2000;2605359.7,1247078,2605473.2,1247191.6
2000;2000;2601555.9,1231553.5,2601972.3,1231970
2000;2000;2602705.7,1257853.4,2603058,1258205.6
2000;2000;2609829.2,1243915.1,2612199.8,1246285.7
2000;2000;2639448.5,1245043.9,2639519.3,1245114.7
2000;2000;2634543.3,1242916.3,2634805.9,1243178.9
2000;2000;2608636.9,1245408.1,2608665.1,1245436.2
2000;2000;2605080,1237339.2,2605114.5,1237373.6
2000;2000;2614007.2,1248843.5,2614490.7,1249327
2000;2000;2624728,1239232.4,2624998,1239502.4
2000;2000;2623804.7,1239268.8,2623847.3,1239311.3
2000;2000;2618613.6,1243012.7,2618645.2,1243044.3
2000;2000;2634506.8,1242819,2634882.4,1243194.5
2000;2000;2622252.9,1235111.4,2622400.8,1235259.3
2000;2000;2614263.8,1245076.3,2614288.6,1245101.1
2000;2000;2611916.3,1231012.7,2611954.5,1231050.9
2000;2000;2607163,1246880.7,2607281.7,1246999.5
2000;2000;2642183.1,1248742.9,2642260.7,1248820.5
2000;2000;2620225,1240250.4,2620370.4,1240395.9
2000;2000;2640958,1244740.4,2641447.6,1245229.9
2000;2000;2616117.6,1239051,2617025.5,1239958.9
2000;2000;2640373,1244229.6,2640934,1244790.6
2000;2000;2598907.2,1226029.1,2599033.7,1226155.6
2000;2000;2606748.8,1246380,2606773.7,1246404.8
2000;2000;2604056.2,1220741.9,2604178,1220863.7
2000;2000;2609187.7,1238903.9,2609209.6,1238925.8
2000;2000;2629890.9,1242347.8,2630009.3,1242466.2
2000;2000;2627422.3,1238906.4,2627491.5,1238975.5
2000;2000;2617293.6,1241464.2,2617339.8,1241510.4
2000;2000;2607540.8,1230836.8,2607758.9,1231054.9
2000;2000;2601697.3,1216648.3,2601810.5,1216761.5
2000;2000;2606695.2,1227052.9,2606863.2,1227220.9
2000;2000;2609755.2,1227059.4,2609883.6,1227187.7
2000;2000;2605037.7,1234337.7,2605274.3,1234574.3
2000;2000;2603488.2,1233235.3,2603531.3,1233278.4
2000;2000;2600312.5,1252358.1,2600484.6,1252530.2
2000;2000;2623788.9,1235507.2,2624765.9,1236484.2
2000;2000;2602088.4,1228346.4,2602159.2,1228417.2
2000;2000;2611682.8,1242603.6,2611847.6,1242768.3
2000;2000;2595222.6,1218096.5,2595461.3,1218335.3
2000;2000;2594736.4,1227207.5,2595500.6,1227971.6
2000;2000;2612517.3,1225427.9,2612556.1,1225466.7
2000;2000;2614904,1241598.5,2614982.7,1241677.2
2000;2000;2618403.9,1222659.2,2618607.5,1222862.7
2000;2000;2625890.6,1238315.3,2625918.1,1238342.8
2000;2000;2616032.9,1238962.3,2616064.9,1238994.4
2000;2000;2617205.4,1251383,2617274.3,1251451.8
2000;2000;2614890.9,1257971.9,2614949.9,1258030.8
2000;2000;2600291.3,1253200.4,2600374.3,1253283.4
2000;2000;2619283.9,1245360.1,2619524.1,1245600.3
2000;2000;2630561.9,1247091.4,2630657.6,1247187.1
2000;2000;2612381.4,1249930.1,2612659.6,1250208.2
2000;2000;2612031.2,1247237.1,2612295.9,1247501.8
2000;2000;2606971.1,1245909.5,2608000.9,1246939.3
2000;2000;2631239.9,1246200.2,2631273.6,1246234
2000;2000;2610097.9,1253877.3,2610163,1253942.4
2000;2000;2610890.4,1244506.2,2611113.4,1244729.2
2000;2000;2615715.3,1224991.6,2615950.8,1225227.1
2000;2000;2605799.1,1228126.2,2606027.7,1228354.9
2000;2000;2609580.9,1241100.5,2609683.8,1241203.5
2000;2000;2615077.5,1242538.9,2615135.3,1242596.7
2000;2000;2627515.8,1243774.2,2627689.2,1243947.6
2000;2000;2619471,1257967.2,2619517.8,1258014
2000;2000;2613905.2,1227058.6,2614130.5,1227284
2000;2000;2599335.1,1226020.7,2599461.7,1226147.2
2000;2000;2607228,1236483.3,2608254.7,1237510
2000;2000;2608139.4,1230794.8,2608335.9,1230991.2
2000;2000;2607010.9,1224735.9,2607148.4,1224873.4
2000;2000;2600889.8,1218663.1,2600940.2,1218713.5
2000;2000;2598546,1230866.8,2599107.8,1231428.5
2000;2000;2598000.6,1253006,2598688.6,1253693.9
2000;2000;2608177,1244396.8,2608200.7,1244420.6
2000;2000;2637114,1242758.5,2637137.2,1242781.6
2000;2000;2614981.9,1257670,2615014.1,1257702.2
2000;2000;2615856.2,1227234.7,2615880.3,1227258.8
2000;2000;2635819.4,1244263.2,2635927.8,1244371.5
2000;2000;2617380.7,1240903.7,2617438.8,1240961.7
2000;2000;2608402.3,1233920.4,2608489.8,1234007.9
2000;2000;2612390.3,1249974.3,2612736.3,1250320.3
2000;2000;2618482.4,1243709.7,2618566.7,1243794
2000;2000;2600750.3,1230381.1,2600815,1230445.8
2000;2000;2618430,1258287.2,2618478.6,1258335.8
2000;2000;2617179.2,1238913.6,2617237.5,1238971.9
2000;2000;2616878.8,1245717.2,2616908.6,1245747
2000;2000;2607169.4,1249104.3,2607254.2,1249189.1
2000;2000;2612302.6,1248268.1,2612602.6,1248568.1
2000;2000;2606418.5,1228598.2,2607203.2,1229382.8
2000;2000;2620108.6,1237885.2,2620161.5,1237938.1
2000;2000;2597912,1230336.2,2598141.4,1230565.6
2000;2000;2615032.8,1258099.3,2615058.7,1258125.2
2000;2000;2607250.3,1237230.8,2607403.8,1237384.3
2000;2000;2606687.2,1234547.6,2606816.7,1234677.1
2000;2000;2625082.4,1238219.5,2625117.8,1238254.8
2000;2000;2642256.9,1250184.2,2642357.5,1250284.8
2000;2000;2617101.5,1246104.9,2617135.1,1246138.5
2000;2000;2622607.1,1241309.7,2622713.6,1241416.2
2000;2000;2609404.1,1226109.4,2609504.5,1226209.9
2000;2000;2623789.1,1234765.7,2623898.4,1234875
2000;2000;2623707.1,1235503.8,2623852.3,1235649
2000;2000;2613296.6,1245988.3,2613404.5,1246096.3
2000;2000;2635035.7,1243907.1,2635527.7,1244399.1
2000;2000;2616225.5,1253646.1,2616650.3,1254070.9
2000;2000;2623235.9,1235059.1,2623607.7,1235430.9
2000;2000;2608641.5,1246440.6,2608721.3,1246520.5
2000;2000;2597858.7,1229251.5,2598318.8,1229711.6
2000;2000;2638047.4,1243376.4,2638270.2,1243599.3
2000;2000;2611829.7,1234323.3,2611851.1,1234344.6
2000;2000;2597558.5,1229881.6,2597638.2,1229961.3
2000;2000;2617149.2,1241514.2,2617272.4,1241637.4
2000;2000;2639681.4,1250167.8,2639760.1,1250246.5
2000;2000;2636882.6,1245461.7,2637490,1246069.1
2000;2000;2638936,1242913.6,2639138.5,1243116.1
2000;2000;2609315.5,1238570.3,2609371.9,1238626.6
2000;2000;2618326.1,1253752.9,2618417,1253843.8
2000;2000;2609814.2,1235164.6,2609841.8,1235192.2
2000;2000;2621898.9,1240044.7,2621945.2,1240090.9
2000;2000;2613573.1,1253848.9,2613657.5,1253933.2
2000;2000;2608473.6,1223696.6,2608508.6,1223731.6
2000;2000;2604790.7,1247751.2,2605067.9,1248028.3
2000;2000;2608492.3,1238625.9,2609098.5,1239232.1
2000;2000;2603989.5,1231719.8,2604015.4,1231745.7
2000;2000;2612619.4,1244342.4,2612671.6,1244394.6
2000;2000;2616316.5,1256942.1,2616356.3,1256981.8
2000;2000;2607694.5,1234890,2608101.1,1235296.6
2000;2000;2596320.8,1251472.4,2597556.6,1252708.2
2000;2000;2605692.5,1236949.9,2605813.7,1237071
2000;2000;2634050,1247962.7,2634120.8,1248033.5
2000;2000;2597856.9,1253932.3,2597880.1,1253955.5
2000;2000;2626597.1,1236762.1,2626647.6,1236812.6
2000;2000;2640601.6,1242001.4,2640921.7,1242321.5
2000;2000;2606436.1,1221911.3,2606487.1,1221962.3
2000;2000;2602242.5,1249295.9,2602368.3,1249421.6
2000;2000;2625423.4,1236997.4,2625488.1,1237062.2
2000;2000;2595571.3,1230145.9,2595732.6,1230307.2
2000;2000;2638650.2,1245419.9,2638677.3,1245447
2000;2000;2602137.6,1220892.7,2602744,1221499.1
2000;2000;2634650.3,1248332.8,2634677.6,1248360.1
2000;2000;2606058.1,1256812,2606129.8,1256883.7
2000;2000;2617491,1225349,2617759.7,1225617.7
2000;2000;2623132.9,1237587.3,2623220.7,1237675
2000;2000;2614465.3,1228142.8,2614973.6,1228651.1
2000;2000;2626451.7,1236228.4,2626535.4,1236312
2000;2000;2606570.9,1228065.4,2607722.7,1229217.2
2000;2000;2615703.7,1244775.6,2615851.6,1244923.5
2000;2000;2598915,1231366.4,2599066.1,1231517.6
2000;2000;2600360.1,1216682.3,2601279.6,1217601.9
2000;2000;2618164.4,1243040.7,2618342,1243218.3
2000;2000;2617574.4,1225668.9,2617704,1225798.6
2000;2000;2630867.3,1239487,2631206.3,1239825.9
2000;2000;2607311.3,1225342.7,2607358.9,1225390.3
2000;2000;2604273.5,1231486.9,2604329.8,1231543.3
2000;2000;2630967.5,1239052,2631252.6,1239337.2
2000;2000;2627270.3,1236072,2627671.7,1236473.4
2000;2000;2597596.5,1223625.2,2597636,1223664.8
2000;2000;2642336.7,1244881.7,2643011.8,1245556.8
2000;2000;2610453.8,1243851.1,2611718.6,1245115.9
2000;2000;2619048.8,1257244.9,2619837.2,1258033.3
2000;2000;2641432,1246106.4,2641457.5,1246131.9
2000;2000;2620430.4,1243047.1,2620673.7,1243290.3
2000;2000;2615033.2,1246745.6,2615068.2,1246780.5
2000;2000;2629820.1,1243895.2,2629922.2,1243997.3
2000;2000;2623882.8,1234779.3,2623909.9,1234806.4
2000;2000;2610802.5,1246270,2610996.9,1246464.4
2000;2000;2608667.6,1232302.5,2608795.7,1232430.6
2000;2000;2608530.2,1224721.5,2608818.9,1225010.2
2000;2000;2611780.3,1232689.2,2611818.5,1232727.4
2000;2000;2609689.1,1249672.6,2609769,1249752.5
2000;2000;2604967.5,1220130.3,2605641.7,1220804.5
2000;2000;2603059.5,1235054,2603374.1,1235368.6
2000;2000;2612236.9,1245272.8,2612997.3,1246033.2
2000;2000;2602715.6,1247357.1,2603367.8,1248009.3
2000;2000;2609659.6,1234840.1,2610072.7,1235253.2
2000;2000;2596529.2,1218534.7,2596567.4,1218572.9
2000;2000;2616350.9,1258717.8,2617137.9,1259504.8
2000;2000;2623009.5,1238419.2,2623301,1238710.7
2000;2000;2613139.2,1241314.9,2613297.2,1241472.9
2000;2000;2608109.8,1244952.6,2608217.5,1245060.3
2000;2000;2610535.5,1234287.1,2610902.1,1234653.7
2000;2000;2625097,1239515.2,2625270.8,1239689
2000;2000;2612708.1,1245050,2612747.2,1245089.1
2000;2000;2606278.2,1236933.2,2606440.3,1237095.4
2000;2000;2609975.8,1228024.2,2610000.8,1228049.2
2000;2000;2597206.3,1217816.8,2597252.6,1217863.2
2000;2000;2600734.1,1220749.9,2600830.9,1220846.7
2000;2000;2614027.6,1225093.3,2614067.1,1225132.7
2000;2000;2620794.8,1236454.3,2621112.6,1236772.1
2000;2000;2614739,1241709.5,2614826.1,1241796.6
2000;2000;2617863.7,1242957.8,2617919.1,1243013.1
2000;2000;2600303.9,1258881.1,2600533.1,1259110.3
2000;2000;2624635.8,1239257.2,2625356.3,1239977.7
2000;2000;2597929.9,1216725.2,2598108.1,1216903.4
2000;2000;2609984.8,1228025.4,2610009.1,1228049.7
2000;2000;2640646.2,1246363.8,2640747.2,1246464.9
2000;2000;2617147.1,1256767,2617202.5,1256822.4
2000;2000;2595048.7,1229875.1,2595168.9,1229995.2
2000;2000;2608995.7,1239060.2,2609034.6,1239099.2
2000;2000;2602349.3,1234538.2,2602578.2,1234767.2
2000;2000;2599826.5,1252688.3,2600024,1252885.7
2000;2000;2602613.8,1227570.2,2602932.6,1227889
2000;2000;2634385.8,1249938.9,2634470.4,1250023.5
2000;2000;2615339.3,1253758.3,2615694.9,1254113.8
2000;2000;2628615.9,1241732.2,2629052.7,1242168.9
2000;2000;2597558,1216728.3,2597585.9,1216756.3
2000;2000;2640145.3,1245123.7,2640379.1,1245357.6
2000;2000;2615988.5,1240193.1,2616135.5,1240340.1
2000;2000;2615299.9,1240705.8,2615580.7,1240986.6
2000;2000;2594717.8,1227179.3,2595979.2,1228440.8
2000;2000;2605640.2,1248531,2605719.4,1248610.2
2000;2000;2599337.2,1229437.8,2599376.2,1229476.9
2000;2000;2632989.2,1245951.3,2633504.6,1246466.7
2000;2000;2606405.6,1259099,2606430.5,1259123.9
2000;2000;2640645.4,1251569.9,2640678.8,1251603.3
2000;2000;2612247.5,1228499.5,2612376,1228628.1
2000;2000;2605007.8,1221403.2,2605347.8,1221743.3
2000;2000;2618132,1245611.4,2618292.9,1245772.3
2000;2000;2611883,1246859.8,2612222.3,1247199.1
2000;2000;2608106,1238625.5,2608306.8,1238826.2
2000;2000;2617788.4,1258102.6,2617810.8,1258124.9
2000;2000;2595413.8,1229491.8,2595691.7,1229769.7
2000;2000;2638316.4,1250173.1,2638366.9,1250223.6
2000;2000;2607170.3,1225053.4,2607200,1225083.1
2000;2000;2610625.6,1247507.2,2610805.8,1247687.4
2000;2000;2595716.3,1251967.9,2596123.9,1252375.6
2000;2000;2606542.1,1230050.8,2606605.6,1230114.3
2000;2000;2609941.1,1237318.8,2609987.9,1237365.6
2000;2000;2619633.1,1246389.1,2619966.2,1246722.3
2000;2000;2640531.1,1245890.9,2640571.3,1245931.1
2000;2000;2601027.1,1222256.3,2601055.8,1222285.1
2000;2000;2599961,1228517.5,2600015.4,1228571.9
2000;2000;2621197.5,1237744.6,2621241.3,1237788.4
2000;2000;2603362,1225079.3,2603704.2,1225421.5
2000;2000;2642338.4,1243920.3,2642444,1244025.9
2000;2000;2615418.2,1239393.8,2615487.8,1239463.5
2000;2000;2603537.7,1233740.6,2603598.1,1233801
2000;2000;2619134.5,1257365.9,2619160.1,1257391.6
2000;2000;2598961.8,1231788.8,2599003.7,1231830.7
2000;2000;2622490.4,1244093.2,2622568.3,1244171.2
2000;2000;2604012.4,1219086.2,2604104.5,1219178.3
2000;2000;2628593.9,1235834.7,2628744,1235984.8
2000;2000;2603209.6,1218984.7,2603357.4,1219132.5
2000;2000;2629213.1,1242160.6,2629301.3,1242248.8
2000;2000;2600877.8,1233873.2,2601091.5,1234086.9
2000;2000;2603752.6,1236377.2,2604214.9,1236839.4
2000;2000;2604019.9,1236163.9,2604403.8,1236547.8
2000;2000;2600040.8,1232723.2,2600159.1,1232841.6
2000;2000;2593581.3,1228744.6,2593667.6,1228831
2000;2000;2598421.3,1225208.3,2598478.7,1225265.7
2000;2000;2638920.2,1244996.2,2639066.1,1245142.1
2000;2000;2611794.6,1233927.7,2611930.7,1234063.8
2000;2000;2627710.4,1237852.5,2627745.3,1237887.4
2000;2000;2627169.8,1236141.9,2627389.7,1236361.8
2000;2000;2616627.4,1243013.2,2616990.7,1243376.5
2000;2000;2614756.8,1241310.5,2614799.4,1241353.1
2000;2000;2600092.1,1254045.5,2600260.2,1254213.5
2000;2000;2627484.4,1241579.1,2627514.2,1241608.8
2000;2000;2608257,1224603.7,2608461,1224807.8
2000;2000;2605085,1257413.3,2605574.8,1257903
2000;2000;2620866,1240810,2620936.1,1240880.1
2000;2000;2614211.4,1238037.4,2614263.1,1238089.1
2000;2000;2601985.9,1247993.4,2602451.9,1248459.4
2000;2000;2615671.7,1253619.7,2615881.7,1253829.7
2000;2000;2600341.5,1214398,2601035.3,1215091.8
2000;2000;2599659.7,1260012,2599719.9,1260072.2
2000;2000;2637665.4,1245677.6,2637714.7,1245726.9
2000;2000;2634204.5,1244956.2,2634384.2,1245135.9
2000;2000;2623163.8,1240123.2,2623238.1,1240197.5
2000;2000;2622146,1235474.7,2622237.9,1235566.6
2000;2000;2609862.5,1237439.5,2610609.3,1238186.2
2000;2000;2603514.8,1232769.8,2603745.9,1233000.9
2000;2000;2610733.6,1242434.4,2610772.1,1242473
2000;2000;2598614,1216557.1,2598728.5,1216671.6
2000;2000;2631151.1,1239397.7,2631261,1239507.5
2000;2000;2621229.5,1240657.6,2621665.2,1241093.3
2000;2000;2605718.3,1237229.3,2605966.7,1237477.7
2000;2000;2608506.8,1247665.9,2608530.1,1247689.2
2000;2000;2613109.5,1259661.3,2613155.6,1259707.3
2000;2000;2605919.9,1236319,2606012.3,1236411.4
2000;2000;2634512.7,1244014.7,2634764.3,1244266.3
2000;2000;2615803.9,1223519.1,2615825.1,1223540.4
2000;2000;2598539.8,1229702.3,2598748.3,1229910.8
2000;2000;2598955.1,1252470.2,2599722.3,1253237.4
2000;2000;2609118.9,1244859.8,2609210.3,1244951.3
2000;2000;2599201.8,1253418.7,2599817.3,1254034.1
2000;2000;2601732.4,1214351.9,2601887.7,1214507.3
2000;2000;2612121.2,1253113.6,2612326,1253318.4
2000;2000;2618385.9,1257746.4,2618696.5,1258057.1
2000;2000;2635316.2,1248226.2,2635386.8,1248296.8
2000;2000;2617632,1241954,2617839.4,1242161.4
2000;2000;2616120.1,1243637.7,2616525.9,1244043.6
2000;2000;2624591,1235731.9,2624637.8,1235778.7
2000;2000;2600736,1215085.1,2600917.4,1215266.5
2000;2000;2618543.4,1256843.4,2619606,1257906
2000;2000;2617117.3,1244581.6,2617726.5,1245190.8
2000;2000;2602675,1227933,2602833.1,1228091
2000;2000;2609443.6,1229772.6,2609502.8,1229831.7
2000;2000;2600301.1,1214770.4,2600888.1,1215357.4
2000;2000;2611544.9,1238619.8,2611668.7,1238743.5
2000;2000;2603509.8,1228056.2,2603539.4,1228085.9
2000;2000;2616820.1,1225056.7,2616861.2,1225097.8
2000;2000;2632486.6,1245501.1,2632559.2,1245573.7
2000;2000;2604546.9,1229712.5,2604580.8,1229746.4
2000;2000;2607498.5,1224408.1,2607531.2,1224440.8
2000;2000;2598683.3,1229940.4,2598713.8,1229971
2000;2000;2598927,1253546.1,2598987.9,1253607
2000;2000;2620772.4,1245019.5,2621514.5,1245761.5
2000;2000;2630513.7,1240073,2630677.2,1240236.5
2000;2000;2640835,1243413.9,2640932.5,1243511.4
2000;2000;2631748.6,1241920.9,2632074.7,1242247
2000;2000;2609168.5,1234016,2609372.8,1234220.3
2000;2000;2617044.7,1257689,2617270.4,1257914.7
2000;2000;2632118.1,1243455.8,2632492,1243829.8
2000;2000;2639890.7,1249919.9,2639911.3,1249940.5
2000;2000;2614785.5,1238413.5,2614858.2,1238486.2
2000;2000;2617211.6,1254878.5,2617781.7,1255448.6
2000;2000;2609395.9,1237907.2,2609462.7,1237973.9
2000;2000;2614099.4,1240336.2,2614511.9,1240748.7
2000;2000;2599139.8,1216547.6,2599315.5,1216723.2
2000;2000;2613676.5,1226815.5,2613885.2,1227024.2
2000;2000;2618523.1,1240159.8,2618544.9,1240181.6
2000;2000;2613191.6,1243599.9,2613216,1243624.3
2000;2000;2628356.6,1235712.1,2628393.2,1235748.8
2000;2000;2611732.1,1251840.3,2612077.7,1252185.9
2000;2000;2620496.8,1242036,2620946.5,1242485.7
2000;2000;2613758,1257472,2613829.2,1257543.2
2000;2000;2600288.5,1248175.1,2600469.3,1248356
2000;2000;2606980.7,1234748.8,2607019.9,1234787.9
2000;2000;2614442.9,1243577.5,2614463.1,1243597.7
2000;2000;2618822.4,1257335.8,2618882.6,1257396
2000;2000;2610484.5,1244607.3,2610920.8,1245043.7
2000;2000;2619439.7,1240061.1,2619473.4,1240094.8
2000;2000;2597623.7,1230765.3,2597779.8,1230921.3
2000;2000;2616541.2,1241884.4,2616599.8,1241943
2000;2000;2625168.8,1241778.1,2625230.9,1241840.2
2000;2000;2642319.9,1245247.4,2643009.4,1245936.8
2000;2000;2605348.6,1227771.6,2605369.4,1227792.4
2000;2000;2605673.5,1229781.9,2605771.1,1229879.5
2000;2000;2620099,1240032.5,2620610.5,1240544
2000;2000;2606323.4,1257690.7,2606365.7,1257733.1
2000;2000;2604312.4,1227126,2604405.2,1227218.8
2000;2000;2618585.1,1243469.1,2618612.5,1243496.5
2000;2000;2602890.5,1220741.8,2603887.6,1221738.9
2000;2000;2608575.5,1245858.1,2608608,1245890.7
2000;2000;2604664.1,1221572,2604687.4,1221595.4
2000;2000;2613830,1253282.4,2613949.9,1253402.3
2000;2000;2625442.2,1236472.1,2625600,1236629.8
2000;2000;2604953.7,1259715.9,2605007.6,1259769.8
2000;2000;2642770.5,1248691.3,2642935.1,1248855.9
2000;2000;2640195.3,1243599.5,2640307.5,1243711.7
2000;2000;2620829.4,1243243.3,2621491.6,1243905.6
2000;2000;2604433.8,1256691.6,2604530.5,1256788.4
2000;2000;2627274.5,1244210,2627386.9,1244322.4
2000;2000;2615758.3,1243474.2,2615920.7,1243636.6
2000;2000;2604770,1231078,2604818.4,1231126.3
2000;2000;2599459.2,1252296.9,2599930.3,1252768
2000;2000;2615909.6,1225983.9,2616011.5,1226085.9
2000;2000;2623437.2,1237868.3,2623564.2,1237995.3
2000;2000;2617127.2,1242163.6,2617221.6,1242257.9
2000;2000;2636858.5,1246394,2637161.9,1246697.4
2000;2000;2603547.6,1236358.8,2603701.1,1236512.3
2000;2000;2610225.2,1235635.4,2610501.2,1235911.4
2000;2000;2599655.4,1218188.6,2599680.1,1218213.3
2000;2000;2604576.3,1229040.6,2604730.4,1229194.7
2000;2000;2608581.4,1240164.4,2608632.1,1240215.2
2000;2000;2602526.7,1258602.3,2602580,1258655.6
2000;2000;2625392.9,1237290.5,2625455.9,1237353.5
2000;2000;2599375.3,1260244.5,2599489.5,1260358.6
2000;2000;2612020.5,1222696.3,2612107.1,1222782.9
2000;2000;2621371.2,1246159.6,2621401,1246189.4
2000;2000;2604744.3,1257520,2604906,1257681.7
2000;2000;2612736.1,1239110.8,2612778.7,1239153.4
2000;2000;2605677.3,1257722,2605780.2,1257824.8
2000;2000;2624015,1241982,2624070.5,1242037.5
2000;2000;2612399.1,1224097.1,2612542.3,1224240.3
2000;2000;2629858.3,1239666.7,2629931.8,1239740.1
2000;2000;2610824.4,1234972.6,2610856.1,1235004.4
2000;2000;2598725,1251625.3,2598745.8,1251646.2
2000;2000;2597273.3,1217150.7,2597344.6,1217222
2000;2000;2631153,1243470,2631549.2,1243866.2
2000;2000;2605697.4,1225025.5,2605902.2,1225230.3
2000;2000;2635016.4,1248320.8,2635065.4,1248369.8
2000;2000;2606106.8,1259410.4,2606198.3,1259501.9
2000;2000;2616122.9,1253521.4,2616145.3,1253543.8
2000;2000;2615783.9,1252765.6,2616524.9,1253506.7
2000;2000;2626139.9,1236659.9,2626167.6,1236687.7
2000;2000;2622916.2,1241173.6,2622956,1241213.4
2000;2000;2618842,1242448.4,2618867.4,1242473.8
2000;2000;2616474.2,1245712.5,2616606,1245844.3
2000;2000;2639790,1244269.3,2639819.4,1244298.7
2000;2000;2638085.2,1250333.5,2638121.8,1250370.1
2000;2000;2623276.2,1236082.5,2624336.1,1237142.4
2000;2000;2612085,1243004.2,2612122.6,1243041.7
2000;2000;2603667.8,1222663.9,2604164.6,1223160.8
2000;2000;2618946.6,1256854.9,2619178,1257086.3
2000;2000;2634187.6,1246583,2634208.2,1246603.5
2000;2000;2592986,1228801,2593381.4,1229196.4
2000;2000;2601892.4,1249163.4,2601943.9,1249214.9
2000;2000;2602179,1230274.1,2602213.3,1230308.4
2000;2000;2601785,1220229.1,2602581.8,1221025.8
2000;2000;2604201.1,1228606.5,2604255,1228660.4
2000;2000;2610635.7,1244448.5,2611135.2,1244948
2000;2000;2600499.8,1249168.1,2600561.3,1249229.6
2000;2000;2634010.7,1249105.2,2634708.8,1249803.2
2000;2000;2611088.4,1227463.9,2611110.7,1227486.2
2000;2000;2617588.6,1242951.3,2617721.3,1243084
2000;2000;2639222.1,1244760,2639255.9,1244793.8
2000;2000;2611493.6,1242290.3,2611614.4,1242411
2000;2000;2611252.8,1239225.6,2611274,1239246.8
2000;2000;2617396.7,1245280.2,2617478.8,1245362.4
2000;2000;2601285.3,1229454.2,2601360.8,1229529.8
2000;2000;2601269.3,1247443,2601358.3,1247532
2000;2000;2616379.4,1243552.8,2616571.4,1243744.8
2000;2000;2620348.2,1246355.3,2620369.6,1246376.7
2000;2000;2597177.9,1225145.4,2598148.8,1226116.3
2000;2000;2620058.1,1243516.9,2620240.9,1243699.6
2000;2000;2619086.8,1239415.5,2619264,1239592.7
2000;2000;2629936.6,1238237.1,2630041.8,1238342.4
2000;2000;2605428.6,1228255.4,2605503.9,1228330.7
2000;2000;2602067.3,1249118.6,2602126.1,1249177.4
2000;2000;2632770.7,1247356.1,2633044.8,1247630.3
2000;2000;2598422.1,1227984.5,2598483.4,1228045.7
2000;2000;2626409.9,1235819.7,2626439.5,1235849.3
2000;2000;2604196.8,1226371.7,2604869.2,1227044.1
2000;2000;2626881.9,1237582.9,2627063.9,1237764.9
2000;2000;2611789.8,1250127.4,2611826.8,1250164.3
2000;2000;2608423.1,1227461.2,2608443.9,1227481.9
2000;2000;2602827.9,1248041.3,2602854,1248067.3
2000;2000;2596148.6,1229538.2,2596315,1229704.7
2000;2000;2627594.5,1240305.8,2627861.3,1240572.6
2000;2000;2597317.5,1225076.7,2597397.8,1225157
2000;2000;2601899.1,1247695.2,2601930.6,1247726.8
2000;2000;2612477.2,1239374.3,2612533.1,1239430.3
2000;2000;2613334.9,1245781.3,2613631.3,1246077.7
2000;2000;2615249.9,1225558.4,2615353.8,1225662.3
2000;2000;2639492.2,1250394.1,2639529.5,1250431.4
2000;2000;2602385.2,1231765.9,2602520.1,1231900.8
2000;2000;2599768.3,1231253.6,2600529.5,1232014.8
2000;2000;2606766.6,1256951.4,2606865.9,1257050.7
2000;2000;2631900.2,1247133.8,2631931.6,1247165.1
2000;2000;2628864,1244473.5,2630023,1245632.5
2000;2000;2601694.1,1221370.1,2601720.3,1221396.3
2000;2000;2615310.6,1238400.7,2615537.4,1238627.5
2000;2000;2639716.7,1248466.2,2639750.2,1248499.7
2000;2000;2636467.7,1247461.7,2636510.3,1247504.4
2000;2000;2628481.1,1240762.7,2628591.8,1240873.4
2000;2000;2598691.6,1231183.3,2599016.2,1231508
2000;2000;2616956.1,1245217.8,2617150.7,1245412.4
2000;2000;2612815.1,1244127.7,2613250.9,1244563.4
2000;2000;2619987,1245762.7,2620145.1,1245920.8
2000;2000;2610669.8,1228647.8,2610717.3,1228695.3
2000;2000;2640807.5,1255314.1,2640850.8,1255357.3
2000;2000;2601459.3,1249705.6,2601588.9,1249835.1
2000;2000;2624744.2,1240162.4,2624976.3,1240394.5
2000;2000;2613980.7,1230150.9,2614313.3,1230483.5
2000;2000;2620194.5,1243638.1,2620260.5,1243704.1
2000;2000;2612650.9,1252668.8,2612673.5,1252691.4
2000;2000;2630580.2,1242573.3,2630993.9,1242987.1
2000;2000;2624108.3,1236603.3,2624198.3,1236693.2
2000;2000;2601889.9,1215061.1,2602019,1215190.2
2000;2000;2600401.5,1216859.1,2600544.9,1217002.5
2000;2000;2630901.3,1241092.6,2631493.7,1241685
2000;2000;2632339.7,1245326.5,2632458.7,1245445.6
2000;2000;2601154.4,1216581.7,2601699.6,1217126.9
2000;2000;2608323.6,1232252.5,2608355,1232283.9
2000;2000;2640631.9,1248311,2640728.2,1248407.4
2000;2000;2637398.7,1244896.2,2637483.4,1244980.9
2000;2000;2613535.2,1227277.4,2613643.9,1227386.1
2000;2000;2643452.1,1248654.2,2643536.1,1248738.1
2000;2000;2620860.7,1239787.2,2621393.8,1240320.3
2000;2000;2615107.4,1251363.6,2615471.8,1251728.1
2000;2000;2625076.3,1239283.5,2625133.6,1239340.8
2000;2000;2621649.1,1236773,2622339.1,1237463.1
2000;2000;2614527.3,1252251,2614663.2,1252386.9
2000;2000;2613209.9,1227822.6,2613603.6,1228216.3
2000;2000;2625226.2,1238178.7,2625256.2,1238208.7
2000;2000;2603411.4,1234348.2,2604663.7,1235600.5
2000;2000;2606574.6,1248722.1,2606622.7,1248770.2
2000;2000;2629051.8,1235290.4,2629135,1235373.5
2000;2000;2616073.7,1257983.4,2616101.4,1258011.1
2000;2000;2615597.2,1240866.8,2615912.4,1241182
2000;2000;2639172.2,1254477.2,2640243.7,1255548.8
2000;2000;2609182.3,1232662.6,2609339.8,1232820.1
2000;2000;2613516.9,1228627,2613555.5,1228665.6
2000;2000;2609237.6,1235864.6,2609507.9,1236134.9
2000;2000;2637888.3,1251296.3,2638115.1,1251523.1
2000;2000;2633761.3,1249395.9,2634542.9,1250177.4
2000;2000;2626540.8,1238829.3,2626891.2,1239179.6
2000;2000;2621579.4,1245509.4,2621617.2,1245547.3
2000;2000;2639145.4,1248494.2,2639200.3,1248549
2000;2000;2610122.6,1237461.9,2610368.5,1237707.7
2000;2000;2615355.8,1243789.2,2615538.8,1243972.3
2000;2000;2606639.2,1246127.6,2606787.5,1246275.9
2000;2000;2616900.2,1244413.4,2618693.3,1246206.5
2000;2000;2606076,1235557.8,2607303.3,1236785.1
2000;2000;2604020.6,1235996.6,2604629.1,1236605
2000;2000;2603956.3,1235827,2604225.7,1236096.4
2000;2000;2596351.1,1252219.3,2596379.4,1252247.6
2000;2000;2598777.6,1230684.3,2598817.4,1230724.1
2000;2000;2626347.5,1236834.1,2626437.7,1236924.3
2000;2000;2599123.5,1252908.4,2599928.6,1253713.5
2000;2000;2612845.9,1252735,2612868.5,1252757.6
2000;2000;2630279,1244232.4,2630301.3,1244254.7
2000;2000;2602716.5,1246812.5,2602760,1246856
2000;2000;2609816.2,1226902.1,2609983.6,1227069.5
2000;2000;2616357.5,1255882,2616412.6,1255937.2
2000;2000;2605922.5,1258020.8,2605978.2,1258076.5
2000;2000;2598439,1252626.1,2598723.9,1252911.1
2000;2000;2613511.7,1222916.4,2613630.9,1223035.6
2000;2000;2597855.1,1253971.3,2598023.5,1254139.6
2000;2000;2623225.5,1240954.4,2623383.9,1241112.9
2000;2000;2609158.3,1228699.4,2609378.7,1228919.9
2000;2000;2639959.6,1249614.7,2639984.7,1249639.9
2000;2000;2604521,1230483,2604571,1230532.9
2000;2000;2641810.8,1246649.3,2642017.5,1246856.1
2000;2000;2613116.4,1242766.3,2613430.6,1243080.6
2000;2000;2621323.5,1237112.8,2621354.5,1237143.9
2000;2000;2606400.4,1236839.3,2606425,1236863.9
2000;2000;2599189.9,1220809.5,2599415.6,1221035.2
2000;2000;2629215.1,1244435.8,2629335.6,1244556.2
2000;2000;2597214.4,1223862.9,2597750.3,1224398.9
2000;2000;2614528,1251729.5,2615946.7,1253148.2
2000;2000;2617894.6,1255282.2,2618084.2,1255471.8
2000;2000;2601017.3,1229756,2601258.4,1229997.1
2000;2000;2611667.7,1241953.1,2611706.3,1241991.6
2000;2000;2629316.9,1235889.5,2629416.7,1235989.3
2000;2000;2610969,1239983.4,2611038.2,1240052.6
2000;2000;2636571.3,1248456.4,2636731.6,1248616.8
2000;2000;2607692.6,1224151.9,2607720.1,1224179.4
2000;2000;2620594.3,1241390.1,2620725.7,1241521.5
2000;2000;2610443,1230911.5,2610465.2,1230933.7
2000;2000;2634409.2,1250258.2,2634469.4,1250318.5
2000;2000;2596670.6,1228853.4,2596746.4,1228929.2
2000;2000;2611971.5,1243450.6,2612003.5,1243482.6
2000;2000;2611706.7,1223694.2,2611759.3,1223746.7
2000;2000;2610656.9,1237713.3,2611403.4,1238459.9
2000;2000;2615420.8,1223555,2615496.6,1223630.8
2000;2000;2610929.2,1224829,2610952.3,1224852.2
2000;2000;2634401.5,1240828.2,2634438.5,1240865.2
2000;2000;2638305.7,1246775,2638405.4,1246874.7
2000;2000;2595992.1,1225340.1,2596012.2,1225360.2
2000;2000;2602859.5,1231103.2,2602922.8,1231166.5
2000;2000;2623440.4,1237203.9,2623492.2,1237255.8
2000;2000;2608377.3,1224947.7,2608517.1,1225087.6
2000;2000;2609076.2,1236095.4,2609102.7,1236121.9
2000;2000;2639148.9,1245352.1,2639269.9,1245473
2000;2000;2600991.4,1247148.4,2601239.6,1247396.6
2000;2000;2613206.2,1252836.6,2613297.5,1252927.9
2000;2000;2601788.8,1256229.5,2601822.7,1256263.4
2000;2000;2602772.2,1229508.8,2602888.4,1229625.1
2000;2000;2606411.3,1258241.9,2606540.4,1258370.9
2000;2000;2615134.8,1252334.8,2615217.6,1252417.7
2000;2000;2613515.4,1225869.8,2613577,1225931.3
2000;2000;2601394.9,1258270.6,2601786.7,1258662.3
2000;2000;2597461.5,1252121.6,2597514.3,1252174.4
2000;2000;2601378.7,1234530.1,2601407.1,1234558.4
2000;2000;2640995.7,1249828.3,2641069.7,1249902.3
2000;2000;2612663.8,1224433.2,2612703.9,1224473.3
2000;2000;2606161.1,1224412.2,2606388.7,1224639.8
2000;2000;2617978.4,1243901.3,2618213.1,1244136
2000;2000;2608183.8,1238326.5,2608236.3,1238379
2000;2000;2617387.3,1254322,2617436.6,1254371.4
2000;2000;2615010.6,1256423.7,2615252.9,1256666
2000;2000;2606961,1248862.5,2607871.2,1249772.6
2000;2000;2599910.7,1214774.3,2599993.9,1214857.5
2000;2000;2600425.2,1225476.2,2600524.5,1225575.4
2000;2000;2605749.7,1225787.3,2606005.2,1226042.8
2000;2000;2633877.5,1250453.1,2634026.3,1250601.9
2000;2000;2611717.3,1229287.1,2611763.3,1229333.1
2000;2000;2596059.2,1227466.3,2596082.3,1227489.4
2000;2000;2618312.9,1243676.9,2618379,1243743
2000;2000;2629948.6,1238118.3,2630007.2,1238177
2000;2000;2619961.9,1244117.7,2619997.7,1244153.5
2000;2000;2608652.2,1250620,2609330.8,1251298.6
2000;2000;2615293,1240989.7,2615393.7,1241090.4
2000;2000;2601667.6,1227486.7,2602718.3,1228537.4
2000;2000;2610090.1,1245218.4,2610652.6,1245780.9
2000;2000;2607692.6,1230554.7,2607944.1,1230806.1
2000;2000;2613246.3,1244571.7,2614160.5,1245485.9
2000;2000;2642846,1250094.2,2642897.1,1250145.2
2000;2000;2616290.5,1224613.1,2616334.7,1224657.3
2000;2000;2633853.5,1243104.9,2634271.1,1243522.5
2000;2000;2624040.6,1241828.8,2624203.8,1241992.1
2000;2000;2622498.4,1240502.1,2622636.1,1240639.8
2000;2000;2641159.5,1243451.1,2641305.5,1243597.1
2000;2000;2604048.6,1257346.5,2604164.1,1257462
2000;2000;2640272.6,1245621.6,2640304.9,1245654
2000;2000;2606092.4,1227790,2606345.5,1228043.1
2000;2000;2613140.1,1247347.4,2613200.4,1247407.8
2000;2000;2642167.9,1246794.1,2642201.6,1246827.8
2000;2000;2618217.5,1257138.8,2618237.9,1257159.2
2000;2000;2626029.8,1234453.7,2626067.9,1234491.7
2000;2000;2598481.9,1253049.4,2598503,1253070.5
2000;2000;2628426.3,1238097,2628482.5,1238153.2
2000;2000;2616759.5,1241071.1,2616828.4,1241140.1
2000;2000;2622687.3,1237558.6,2622715.6,1237586.8
2000;2000;2597508,1227909.8,2597541.5,1227943.3
2000;2000;2602137.1,1233951.5,2602219,1234033.4
2000;2000;2608482.3,1239839.1,2608554.5,1239911.3
2000;2000;2604552.2,1230692.1,2605313,1231452.9
2000;2000;2609631.6,1231324.6,2609776.5,1231469.4
2000;2000;2606138.8,1231884.1,2607053.1,1232798.4
2000;2000;2627740.8,1235678,2628275.3,1236212.5
2000;2000;2628933.5,1241831,2629003.1,1241900.6
2000;2000;2597685.1,1218324,2597717,1218355.9
2000;2000;2612382.5,1226530.4,2612413.7,1226561.6
2000;2000;2610319.8,1243132.7,2611262.1,1244075
2000;2000;2636313.7,1249856.8,2636344.9,1249888.1
2000;2000;2604028,1227171.3,2604248.4,1227391.7
2000;2000;2611947.7,1239670.4,2611971.9,1239694.6
2000;2000;2599547.8,1259578,2599680.9,1259711
2000;2000;2607575.7,1245725.7,2607614.7,1245764.8
2000;2000;2640821.9,1253619.2,2640845.5,1253642.8
2000;2000;2629643.6,1241626.7,2629669.2,1241652.2
2000;2000;2636708.7,1248825.7,2636730.3,1248847.3
2000;2000;2638443.1,1246199.9,2638507.2,1246264
2000;2000;2621751.7,1235747,2621870.4,1235865.6
2000;2000;2611177.1,1247984.6,2611219.3,1248026.8
2000;2000;2620217.8,1237053.1,2621238.8,1238074.1
2000;2000;2628321.6,1240682.1,2628426.1,1240786.6
2000;2000;2602875.6,1218836.4,2602935.4,1218896.1
2000;2000;2613142.7,1245229.8,2613443.3,1245530.4
2000;2000;2633210.1,1241088.8,2633237.8,1241116.5
2000;2000;2616182.9,1238889.6,2617121.5,1239828.1
2000;2000;2628465,1240220.6,2628760.7,1240516.3
2000;2000;2624112.3,1242895.3,2624338.9,1243121.9
2000;2000;2618124.9,1239493.1,2618154.5,1239522.7
2000;2000;2602147.2,1231970,2602200.8,1232023.6
2000;2000;2628956.2,1245065.7,2629069.1,1245178.7
2000;2000;2613036.6,1259691,2613060.6,1259715
2000;2000;2602369.4,1217962.6,2602399.2,1217992.5
2000;2000;2612793.3,1231954.9,2612827.2,1231988.8
2000;2000;2601514.5,1256846.8,2601537,1256869.2
2000;2000;2614144.1,1249788.1,2614266.6,1249910.5
2000;2000;2641519.8,1246521.3,2641541.6,1246543
2000;2000;2611477.6,1224031.6,2611536.7,1224090.6
2000;2000;2602565,1234030.3,2603363.7,1234829
2000;2000;2605143.1,1259731.7,2605522.6,1260111.3
2000;2000;2624917.2,1237856,2625737.9,1238676.7
2000;2000;2622994.9,1236929.2,2623035,1236969.3
2000;2000;2603704.3,1235688.8,2604042.6,1236027.1
2000;2000;2595839.2,1216586,2595872,1216618.8
2000;2000;2611656.9,1242948.9,2611852.7,1243144.8
2000;2000;2599489.9,1251707.1,2599599.5,1251816.7
2000;2000;2624767.1,1241584.1,2624824,1241641.1
2000;2000;2615839.9,1253976.4,2615952.9,1254089.5
2000;2000;2603303.1,1229841.2,2603398.7,1229936.8
2000;2000;2611113.1,1226360.2,2611158.3,1226405.5
2000;2000;2639491,1250985.8,2639840.8,1251335.6
2000;2000;2617445.2,1238322.3,2617485.1,1238362.2
2000;2000;2637494.3,1249688.5,2637545.4,1249739.5
2000;2000;2617540.4,1256716,2617883.1,1257058.6
2000;2000;2610065.6,1228272.7,2610099.3,1228306.4
2000;2000;2642364,1246348.1,2643201.7,1247185.8
2000;2000;2611454.1,1246100.3,2611512.2,1246158.3
2000;2000;2613218.2,1226884.2,2613300.4,1226966.4
2000;2000;2607433.5,1236858.6,2607702.6,1237127.7
2000;2000;2615730.5,1256607.5,2615853.1,1256730.1
2000;2000;2611362.4,1252579.8,2611422.7,1252640.1
2000;2000;2612479.1,1223771,2612528.1,1223820
2000;2000;2600123.1,1227332.3,2600886.3,1228095.4
2000;2000;2620028.1,1244567.2,2620789,1245328.2
2000;2000;2608274,1225445.6,2608440.4,1225612
2000;2000;2607338.8,1246853.7,2607570.4,1247085.3
2000;2000;2640947,1244025.5,2641118.1,1244196.5
2000;2000;2606945.8,1246235.1,2607104.3,1246393.6
2000;2000;2600096.4,1258682,2600147.7,1258733.3
2000;2000;2608184.6,1246291.8,2608413.4,1246520.6
2000;2000;2600927.2,1256613.7,2601309.9,1256996.4
2000;2000;2616080.3,1253510.9,2616135.2,1253565.7
